"","V1"
"A50CHIN.C22","cab"
"A50CHIN.C24","bbb"
"A50CHIN.C26","bbb"
"A50CHIN.C28","bbb"
"A50CHIN.C30","cab"
"A50CHIN.C32","cba"
"A50CHIN.C34","bba"
"A50CHIN.C36","bbb"
"A50CHIN.H23","bbb"
"A50CHIN.H27","acb"
"AASIA","bbb"
"AAX","abb"
"AAX.WA","bbb"
"ABFMY1","abb"
"ABLEGRP","bbb"
"ABMB","abb"
"ACME","bbb"
"ACOSTEC","bcb"
"ADVCON","abc"
"ADVENTA","bbb"
"ADVPKG","bbb"
"AEM","bbb"
"AEM.WA","cba"
"AEMULUS","bab"
"AEON","cba"
"AEON.CO","abb"
"AEON.CQ","cbb"
"AEONCR","abb"
"AEONCR.LA","bbb"
"AFFIN","cab"
"AFUJIYA","abc"
"AHB","abb"
"AHB.WB","abc"
"AHEALTH","cba"
"AHP","bbb"
"AIM","bbc"
"AIRASIA","bbb"
"AIRASIAC59","bbb"
"AIRASIAC67","bbb"
"AIRASIAC68","cbb"
"AIRASIAC69","cbb"
"AIRASIAC70","bbb"
"AIRASIAC71","bba"
"AIRASIAC72","abb"
"AIRASIAC73","bba"
"AIRASIAC74","bbb"
"AIRASIAC75","cba"
"AIRASIAC76","acb"
"AIRASIAC77","acb"
"AIRASIAC78","bcb"
"AIRASIAC79","bca"
"AIRASIAC80","bbb"
"AIRPORT","caa"
"AIRPORT.C4","bbb"
"AIRPORT.C5","cba"
"AIRPORT.C6","abb"
"AIRPORT.C7","bab"
"AISB","bbb"
"AJI","abb"
"AJIYA","abb"
"AJIYA.WA","bbb"
"ALAM","abc"
"ALAQAR","bab"
"ALCOM","abb"
"ALLIANZ","abb"
"ALLIANZ.PA","cbb"
"ALSREIT","abb"
"AMBANK","bac"
"AMBANK.C10","bbb"
"AMBANK.C11","bbc"
"AMBANK.C12","bbb"
"AMBANK.C13","caa"
"AMEDIA","abb"
"AMFIRST","abb"
"AMPROP","abb"
"AMPROP.PA","abb"
"AMPROP.PB","cbb"
"AMTEK","bcb"
"AMTEL","bbb"
"AMVERTON","bac"
"AMWAY","cca"
"ANALABS","abc"
"ANCOM","cba"
"ANCOMLB","abb"
"ANNJOO","acb"
"ANNJOO.PA","bbb"
"ANZO","bbb"
"ANZO.WC","bbc"
"APB","bbb"
"APEX","abb"
"APFT","bab"
"APM","bbb"
"APOLLO","bbb"
"APPASIA","bac"
"APPASIA.WA","bab"
"ARANK","abb"
"ARK","cab"
"ARMADA","abc"
"ARMADA.C49","bbb"
"ARMADA.C50","cab"
"ARREIT","abb"
"ASB","bac"
"ASDION","abc"
"ASDION.WB","cbb"
"ASIABRN","bbb"
"ASIAFLE","bbb"
"ASIAPAC","abb"
"ASIAPAC.LC","abc"
"ASIAPAC.WB","abc"
"ASIAPLY","abb"
"ASIAPLY.PA","bab"
"ASIAPLY.WA","bbb"
"ASIAPLY.WB","abc"
"ASTINO","bbb"
"ASTRO","cba"
"ASTRO.C10","abc"
"ASTRO.C11","bca"
"ASTRO.C12","abb"
"ASTRO.C13","bbb"
"ASTRO.C14","bbc"
"AT","abb"
"AT.WB","abc"
"ATAIMS","bac"
"ATLAN","abb"
"ATRIUM","abb"
"ATTA","bca"
"ATTA.LA","abb"
"ATTA.PA","bbb"
"ATTA.WC","bbb"
"ATURMJU","cba"
"ATURMJU.PA","aac"
"AVI","acb"
"AWC","abc"
"AWC.WA","abc"
"AXIATA","bac"
"AXIATA.C30","cab"
"AXIATA.C32","bbb"
"AXIATA.C33","bbb"
"AXIATA.C34","bbb"
"AXIATA.C35","cba"
"AXIATA.C36","bbb"
"AXREIT","abb"
"AYER","bac"
"AYS","abb"
"AZRB","abc"
"AZRB.WA","abc"
"BAHVEST","abc"
"BAHVEST.WA","abc"
"BARAKAH","abc"
"BAT","abc"
"BAT.CM","bbb"
"BAT.CN","cbb"
"BAUTO","abc"
"BAUTO.C1","abb"
"BAUTO.CY","abc"
"BAUTO.CZ","abb"
"BCB","cab"
"BCMALL","bac"
"BDB","abb"
"BENALEC","abc"
"BERTAM","bbc"
"BHIC","abb"
"BIG","abc"
"BIMB","abb"
"BIMB.WA","abb"
"BINACOM","bab"
"BINTAI","bbc"
"BINTAI.WA","bbb"
"BIOHLDG","bbc"
"BIOHLDG.WA","bbc"
"BIOOSMO","abb"
"BIPORT","abb"
"BJASSET","bca"
"BJASSET.WB","abb"
"BJCORP","bbb"
"BJCORP.C10","bbc"
"BJCORP.C11","bcb"
"BJCORP.LD","bbb"
"BJCORP.WB","abb"
"BJCORP.WC","bbb"
"BJFOOD","abc"
"BJLAND","abc"
"BJMEDIA","bbb"
"BJTOTO","caa"
"BJTOTO.CW","cca"
"BJTOTO.CX","abb"
"BKAWAN","abb"
"BOC.C5","bcb"
"BOILERM","abb"
"BONIA","abb"
"BORNOIL","bcb"
"BORNOIL.WC","bbb"
"BORNOIL.WD","bbc"
"BOXPAK","bbb"
"BPLANT","bbb"
"BPPLAS","abb"
"BPURI","bab"
"BRAHIMS","abc"
"BREM","abc"
"BRIGHT","bbb"
"BSLCORP","abc"
"BSTEAD","bab"
"BTECH","abc"
"BTM","bcb"
"BTM.WA","bbb"
"BURSA","cba"
"BURSA.C21","bcb"
"BURSA.C22","cba"
"BURSA.C23","cbb"
"CAB","cab"
"CAB.WA","abc"
"CABNET","abb"
"CABNET.WA","bbb"
"CAELY","bbb"
"CAELY.WA","bbb"
"CAMRES","bbc"
"CANONE","abc"
"CAREPLS","abb"
"CARIMIN","bac"
"CARING","abb"
"CARLSBG","acb"
"CBIP","abc"
"CBIP.WA","bac"
"CCB","abb"
"CCK","cba"
"CCK.WA","abb"
"CCM","cca"
"CCMDBIO","cbb"
"CENSOF","abb"
"CENSOF.WB","bbb"
"CEPAT","abb"
"CEPCO","bbc"
"CFM","bca"
"CGARDEN.C1","bcb"
"CHEETAH","bbb"
"CHGP","cbb"
"CHGP.WA","aca"
"CHHB","abb"
"CHHB.WB","abc"
"CHINAETF.MYR","abb"
"CHINHIN","cba"
"CHINTEK","acc"
"CHINWEL","bcb"
"CHMOBIL.CG","bbb"
"CHOOBEE","abb"
"CHUAN","abb"
"CICB","acb"
"CIHLDG","cba"
"CIMB","cab"
"CIMB.C43","cbb"
"CIMB.C44","bca"
"CIMB.C45","caa"
"CIMB.C46","bba"
"CIMB.C47","bbb"
"CIMBA40","bbb"
"CIMBC50","bbb"
"CJCEN","acb"
"CME","bbb"
"CME.LA","bbc"
"CMMT","acb"
"CMSB","abc"
"CMSB.C15","abc"
"CNASIA","bbb"
"CNI","abb"
"CNOUHUA","bbb"
"COASTAL","abb"
"COCOLND","bbb"
"COMCORP","cba"
"COMFORT","caa"
"COMPLET","abb"
"COMPUGT","abb"
"CONNECT","acc"
"CONNECT.PA","bcb"
"CONNECT.WA","bca"
"CONNECT.WB","bbc"
"CRESBLD","abc"
"CRESNDO","abb"
"CRG","bca"
"CSCENIC","abb"
"CSCSTEL","abc"
"CUSCAPI","aac"
"CVIEW","abc"
"CWG","bbb"
"CYL","bbb"
"CYMAO","bbb"
"CYPARK","cba"
"D.O","cab"
"DAIBOCI","abc"
"DAIBOCI.WB","bbb"
"DANCO","acc"
"DANCO.WA","abc"
"DATAPRP","aac"
"DAYA","aac"
"DAYANG","abc"
"DBE","bbb"
"DBE.WB","bbb"
"DBHD","abc"
"DBHD.WA","abc"
"DELEUM","cab"
"DESTINI","aac"
"DGB","bbb"
"DGB.WB","bbb"
"DGSB","bca"
"DIALOG","bbc"
"DIALOG.C33","bbb"
"DIALOG.C36","bbc"
"DIALOG.C37","abc"
"DIALOG.C38","bbc"
"DIALOG.C39","cba"
"DIALOG.C40","abc"
"DIALOG.C41","cba"
"DIALOG.C42","bbb"
"DIALOG.C43","bbb"
"DIGI","bac"
"DIGI.C24","cab"
"DIGI.C27","bbb"
"DIGI.C28","bbb"
"DIGISTA","cbb"
"DIGISTA.WB","bbb"
"DIN040000223","bcb"
"DIN042300721","bcb"
"DIN045801028","bbb"
"DKLS","bbb"
"DKSH","abb"
"DLADY","bbb"
"DNEX","abc"
"DNEX.WD","bac"
"DNONCE","abb"
"DNONCE.WA","bbb"
"DOLMITE","bbb"
"DOLPHIN","bcb"
"DOLPHIN.WA","abb"
"DOMINAN","bba"
"DOMINAN.WA","cbb"
"DPIH","cba"
"DPS","bac"
"DPS.WB","bbb"
"DRBHCOM","bac"
"DRBHCOMC60","bbc"
"DRBHCOMC64","bac"
"DRBHCOMC67","bbb"
"DRBHCOMC68","cac"
"DRBHCOMC69","aca"
"DRBHCOMC70","abc"
"DRBHCOMC71","abb"
"DRBHCOMC72","bac"
"DRBHCOMC73","bac"
"DSONIC","abc"
"DSONIC.WA","abc"
"DUFU","cab"
"DUTALND","bbc"
"DYNACIA","cba"
"DYNACIA.PA","bab"
"DYNACIA.WA","bba"
"E.O","abc"
"EAH","abc"
"EAH.WD","bbb"
"EAH.WE","bba"
"EASTLND","abc"
"EATECH","aac"
"ECM","acc"
"ECOFIRS","bbb"
"ECOFIRS.WC","bba"
"ECOHLDS","abc"
"ECONBHD","acb"
"ECONBHD.WA","acb"
"ECOWLD","caa"
"ECOWLD.WA","bbb"
"EDARAN","bbb"
"EDEN","abc"
"EDEN.WB","bac"
"EDGENTA","cba"
"EDUSPEC","abc"
"EFFICEN","abc"
"EFORCE","bbb"
"EFORCE.WA","bbb"
"EG","bca"
"EG.PA","abc"
"EG.WC","bbb"
"EIG","bbb"
"EITA","cca"
"EKA","bba"
"EKOVEST","bca"
"EKOVEST.CS","abb"
"EKOVEST.CT","cca"
"EKOVEST.WB","bca"
"EKSONS","cca"
"ELKDESA","acb"
"ELKDESA.LA","bca"
"ELSOFT","cab"
"EMETALL","abb"
"EMICO","bca"
"ENCORP","bbb"
"ENGKAH","bbb"
"ENGTEX","abb"
"ENRA","bac"
"EPMB","abc"
"ESAFE","bbb"
"ESCERAM","bca"
"EUPE","bbb"
"EURO","bba"
"EUROSP","abc"
"EVERGRN","abc"
"EWEIN","cba"
"EWINT","abc"
"EWINT.WA","abb"
"F.N","cba"
"FACBIND","cba"
"FAJAR","abc"
"FAJAR.WB","bbb"
"FAREAST","bab"
"FARLIM","bbb"
"FAVCO","abb"
"FBMKLCI.C5J","bbc"
"FBMKLCI.C5K","aca"
"FBMKLCI.C5M","cab"
"FBMKLCI.C5N","bbb"
"FBMKLCI.C5O","bbb"
"FBMKLCI.C5P","bbb"
"FBMKLCI.C5Q","bbb"
"FBMKLCI.C5R","bbb"
"FBMKLCI.C5S","bbb"
"FBMKLCI.C5T","bca"
"FBMKLCI.C5V","bba"
"FBMKLCI.EA","bca"
"FBMKLCI.H6F","bbb"
"FBMKLCI.H6K","cab"
"FBMKLCI.H6L","bbb"
"FBMKLCI.H6M","bbb"
"FBMKLCI.H6N","bbb"
"FBMKLCI.H6O","bbb"
"FBMKLCI.H6P","bca"
"FBMKLCI.H6Q","abb"
"FBMKLCI.H6S","bca"
"FBMKLCI.H6T","acb"
"FBMKLCI.H6U","cbb"
"FBMKLCI.H6V","cbb"
"FBMKLCI.H6W","cba"
"FBMKLCI.H6X","acb"
"FCW","cba"
"FGV","cba"
"FGV.C55","cbb"
"FGV.C56","bbc"
"FGV.C58","cba"
"FGV.C60","cba"
"FGV.C61","cbb"
"FGV.C62","cba"
"FGV.C63","cba"
"FGV.C64","cbb"
"FGV.C65","bbb"
"FGV.C67","bbb"
"FGV.C68","bbc"
"FGV.C69","bcb"
"FGV.C70","bbb"
"FGV.C71","bba"
"FIAMMA","bbb"
"FIBON","bbb"
"FIHB","abc"
"FIHB.PA","bac"
"FIMACOR","bbb"
"FINTEC","cab"
"FINTEC.PA","cbb"
"FINTEC.WA","cab"
"FINTEC.WB","cab"
"FITTERS","bba"
"FITTERS.WB","cba"
"FLBHD","cba"
"FOCUS","bbb"
"FOCUS.WC","bcb"
"FOCUSP","acb"
"FPGROUP","bab"
"FPI","bac"
"FREIGHT","abb"
"FRONTKN","acb"
"G3","aca"
"G3.WA","bcb"
"GADANG","abc"
"GADANG.WB","abc"
"GAMUDA","bca"
"GAMUDA.C51","bbc"
"GAMUDA.C57","bbb"
"GAMUDA.C58","cab"
"GAMUDA.C59","cab"
"GAMUDA.C60","cca"
"GAMUDA.C61","cba"
"GAMUDA.C62","bbb"
"GAMUDA.C63","bab"
"GAMUDA.WE","bca"
"GASMSIA","aac"
"GBGAQRS","acc"
"GBGAQRS.WB","acc"
"GCB","cbb"
"GCB.CA","bca"
"GCB.CB","abc"
"GCE","bbb"
"GDB","aac"
"GDEX","cab"
"GDEX.WB","bbb"
"GEELY.C1","bcb"
"GENETEC","cba"
"GENM","bbb"
"GENM.C41","cbb"
"GENM.C42","cab"
"GENM.C43","bac"
"GENM.C45","bac"
"GENM.C46","cbb"
"GENM.C47","abb"
"GENM.C48","bbb"
"GENM.C49","aac"
"GENM.C50","bbb"
"GENM.C51","bbb"
"GENM.C52","bbb"
"GENM.C53","bbb"
"GENP","abb"
"GENP.WA","abc"
"GENTING","cba"
"GENTINGC56","cbb"
"GENTINGC57","bbb"
"GENTINGC58","bbb"
"GENTINGC59","bab"
"GENTINGC60","bab"
"GENTINGC61","bbb"
"GENTINGC62","bbb"
"GENTINGC63","bbb"
"GENTINGC64","bbb"
"GESHEN","abb"
"GETS","bbb"
"GFM","abc"
"GFM.WC","bac"
"GHLSYS","cba"
"GHLSYS.CA","cbb"
"GKENT","acb"
"GLBHD","bbb"
"GLOMAC","abb"
"GLOTEC","bab"
"GLOTEC.WA","bbb"
"GMUTUAL","bbb"
"GNB",""
"GOB","bbb"
"GOB.WA","cbb"
"GOCEAN","bbb"
"GOCEAN.WA","bbb"
"GOLDETF","cba"
"GOODWAY","acb"
"GOPENG","cba"
"GPA","acb"
"GPA.WA","acb"
"GPACKET","bac"
"GPACKET.WB","abb"
"GPHAROS","acc"
"GRANFLO","bba"
"GREENYB","abc"
"GSB","abb"
"GTRONIC","cca"
"GTRONIC.CR","cbb"
"GTRONIC.CS","bbb"
"GTRONIC.CV","bca"
"GTRONIC.CW","cab"
"GUH","bca"
"GUNUNG","abb"
"GUNUNG.WB","acb"
"GUOCO","acc"
"HAIO","cba"
"HALEX","abc"
"HANDAL","abc"
"HAPSENG","abb"
"HAPSENG.CX","bbc"
"HARBOUR","bbc"
"HARBOUR.WC","bbb"
"HARISON","cab"
"HARNLEN","acb"
"HARTA","cba"
"HARTA.C16","bcb"
"HARTA.C18","bbb"
"HARTA.C19","cbb"
"HARTA.C20","cba"
"HARTA.C21","bbb"
"HARTA.C22","bbb"
"HBGLOB","abc"
"HCK","bbb"
"HEIM","abb"
"HEKTAR","bca"
"HENGYUAN","abc"
"HENGYUAN.C1","bbc"
"HENGYUAN.C6","bbb"
"HENGYUAN.C7","bbc"
"HENGYUAN.CZ","bbb"
"HEVEA","acb"
"HEVEA.WB","bcb"
"HEXZA","abc"
"HHGROUP","bab"
"HHHCORP","bbb"
"HIAPTEK","abc"
"HIAPTEK.LA","abc"
"HIAPTEK.WB","bbc"
"HIBISCS","cac"
"HIBISCS.CK","cba"
"HIBISCS.CM","cab"
"HIBISCS.CN","bbc"
"HIBISCS.CO","bbb"
"HIBISCS.CP","bbb"
"HIBISCS.CQ","cab"
"HIBISCS.CR","cab"
"HIBISCS.CS","caa"
"HIBISCS.CT","cba"
"HIBISCS.CU","cab"
"HIBISCS.CV","abc"
"HIBISCS.WC","bac"
"HIGHTEC","cbb"
"HIL","abc"
"HIL.WB","bbb"
"HKEX.CF","cba"
"HLBANK","cba"
"HLBANK.CN","abc"
"HLBANK.CO","bcb"
"HLFG","cba"
"HLIND","abc"
"HLT","bcb"
"HLT.WA","abc"
"HOHUP","abc"
"HOKHENG","bbc"
"HOMERIZ","abb"
"HOMERIZ.WA","abc"
"HOOVER","bbb"
"HSI.C3U","cab"
"HSI.C3V","cab"
"HSI.C3W","bac"
"HSI.C3X","abc"
"HSI.C3Y","bbb"
"HSI.C3Z","cab"
"HSI.C5A","bac"
"HSI.C5B","bac"
"HSI.C5C","cac"
"HSI.C5D","bac"
"HSI.C5E","abc"
"HSI.C5F","abb"
"HSI.C5G","bac"
"HSI.C5H","abc"
"HSI.C5I","aca"
"HSI.C5J","abc"
"HSI.C5K","bab"
"HSI.C5L","abb"
"HSI.C5M","cca"
"HSI.H4V",""
"HSI.H4W",""
"HSI.H4X","cba"
"HSI.H4Y","cca"
"HSI.H4Z","bbb"
"HSI.H6A","bca"
"HSI.H6B","cca"
"HSI.H6C","cca"
"HSI.H6D","bbb"
"HSI.H6E","cca"
"HSI.H6F","cca"
"HSI.H6G","bca"
"HSI.H6H","bbb"
"HSI.H6I","bca"
"HSI.H6J","bca"
"HSI.H6K","bac"
"HSI.H6L","bca"
"HSI.H6M","bcb"
"HSI.H6N","bca"
"HSL","abb"
"HSPLANT","bbb"
"HSSEB","abc"
"HSSEB.WA","bbc"
"HTPADU","bbb"
"HUAAN","aac"
"HUAYANG","abb"
"HUBLINE","bbb"
"HUBLINE.WA","bbc"
"HUBLINE.WB","acb"
"HUBLINE.WC","bbc"
"HUMEIND","acb"
"HUPSENG","abb"
"HWATAI","acc"
"HWGB","abb"
"HWGB.WD","bbb"
"IBHD","abb"
"IBHD.LB","abc"
"IBHD.WA","bbb"
"IBRACO","abb"
"ICAP","abc"
"ICON","abc"
"IDEAL","cba"
"IDEAL.WB","bbb"
"IDMENSN","cab"
"IDMENSN.WA","bbc"
"IFCAMSC","abc"
"IGBB","abb"
"IGBB.PA","bbb"
"IGBREIT","bac"
"IHH","bcb"
"IHH.C10","bbb"
"IHH.C7","bbc"
"IHH.C8","bbb"
"IHH.C9","bcb"
"IJM","abc"
"IJM.C20","cba"
"IJM.C21","acb"
"IJM.C24","acb"
"IJM.C25","bbb"
"IJMPLNT","bba"
"IKHMAS","abc"
"ILB","bab"
"IMASPRO","abb"
"INARI","cca"
"INARI.C26","bbb"
"INARI.C27","bca"
"INARI.C28","abb"
"INARI.C29","abb"
"INARI.C30","abc"
"INARI.C31","cca"
"INARI.C32","acb"
"INARI.C33","bbb"
"INARI.C34","bbb"
"INARI.C35","bab"
"INARI.C36","bbb"
"INARI.WB","bca"
"INCKEN","abb"
"INIX","cab"
"INIX.WA","cca"
"INNITY","bca"
"INNO","acc"
"INSAS","bbb"
"INSAS.PA","abb"
"INSAS.WB","bba"
"INTA","abb"
"IOICORP","bbb"
"IOICORP.C19","bbb"
"IOIPG","abb"
"IOIPG.CV","bac"
"IPMUDA","bac"
"IQGROUP","abb"
"IREKA","bbb"
"IRETEX","abc"
"IRETEX.LA","acb"
"IRETEX.WA","bbc"
"IRIS","abc"
"ITRONIC","bab"
"IVORY","abb"
"IWCITY","abc"
"JADI","abb"
"JAG","abb"
"JAG.WA","bbb"
"JAG.WB","bba"
"JAKS","abc"
"JAKS.WB","abc"
"JASKITA","bbb"
"JAYCORP","abb"
"JCBNEXT","bbb"
"JCY","abc"
"JERASIA","abc"
"JETSON","bbb"
"JFTECH","bbb"
"JHM","cab"
"JIANKUN","bcb"
"JKGLAND","bbb"
"JMEDU","cbb"
"JMR","bbb"
"JOHAN","bbb"
"JOHOTIN","bac"
"JTIASA","bbb"
"K1","bab"
"K1.WC","cab"
"KAB","cba"
"KANGER","acb"
"KANGER.WA","bcb"
"KAREX","abc"
"KARYON","bac"
"KAWAN","bab"
"KBUNAI","abb"
"KBUNAI.WC","bbb"
"KEINHIN","bcb"
"KEN","bbb"
"KENANGA","abb"
"KERJAYA","abb"
"KERJAYA.WB","acc"
"KESM","cca"
"KEYASIC","bac"
"KFIMA","abb"
"KFM","abb"
"KGB","bac"
"KGB.WA","abb"
"KGROUP","abb"
"KGROUP.WB","abb"
"KHEESAN","bbb"
"KHIND","cab"
"KIALIM","cab"
"KIANJOO","abc"
"KIMHIN","cbb"
"KIMLUN","bab"
"KIMLUN.WA","bcb"
"KIPREIT","acc"
"KKB","bac"
"KLCC","abb"
"KLK","abc"
"KLUANG","abb"
"KMLOONG","aca"
"KMLOONG.WB","bbb"
"KNM","abc"
"KNM.WB","abc"
"KNUSFOR","cbb"
"KOBAY","acb"
"KOMARK","abc"
"KOMARK.WB","bac"
"KOSSAN","cba"
"KOTRA","bbb"
"KPJ","acb"
"KPJ.CS","bbc"
"KPOWER","acb"
"KPS","aac"
"KPSCB","bbb"
"KRETAM","bbb"
"KRONO","cba"
"KSENG","abc"
"KSL","acb"
"KSSC","cca"
"KSTAR","bca"
"KSTAR.WA","acb"
"KTB","abb"
"KTC","cab"
"KUB","cba"
"KUCHAI","bca"
"KWANTAS","bac"
"KYM","bba"
"L.G","bac"
"LAFMSIA","acb"
"LAMBO","abc"
"LANDMRK","abb"
"LATITUD","acb"
"LAYHONG","aac"
"LAYHONG.WA","bac"
"LBALUM","abb"
"LBICAP","bbc"
"LBS","cba"
"LBS.PA","bbb"
"LBS.WB","bcb"
"LCTITAN","bca"
"LEBTECH","bcb"
"LEESK","abb"
"LEONFB","abc"
"LEWEKO","bca"
"LEWEKO.WB","bbc"
"LFECORP","abb"
"LIENHOE","bbb"
"LIIHEN","bbb"
"LIONFIB","bab"
"LIONIND","acb"
"LITRAK","abc"
"LKL","abc"
"LONBISC","cba"
"LONBISC.WA","bbb"
"LPI","cba"
"LSTEEL","abc"
"LTKM","abb"
"LUSTER","abb"
"LUSTER.WA","abb"
"LUSTER.WB","acb"
"LUXCHEM","abb"
"LYC","abb"
"LYSAGHT","abc"
"M.G","abc"
"M3TECH","bac"
"MAA","abc"
"MAGNA","bba"
"MAGNA.WB","bbb"
"MAGNI","abc"
"MAGNUM","bbb"
"MAHSING","cba"
"MAHSING.WC","bbb"
"MALAKOF","bac"
"MALAKOFC12","bcb"
"MALAKOFC15","bbc"
"MALAKOFC16","bbb"
"MALAKOFC18","bbb"
"MALAKOFC19","bbb"
"MALAKOFC20","bab"
"MALAKOFC21","acb"
"MALPAC","bbb"
"MALTON","bbb"
"MANULFE","bba"
"MARCO","abb"
"MASTEEL","acb"
"MASTER","abc"
"MATANG","abb"
"MATRIX","bbb"
"MATRIX.WA","abb"
"MAXIS","bbb"
"MAXIS.C9","bbb"
"MAYBANK","cba"
"MAYBANKC43","bba"
"MAYBANKC44","bbb"
"MAYBANKC45","cbb"
"MAYBANKC46","bba"
"MAYBANKC48","cbb"
"MAYBANKC49","bbb"
"MAYBANKC50","cba"
"MAYBANKC51","caa"
"MAYBANKC52","bbb"
"MAYBULK","cba"
"MBG","bbb"
"MBL","abc"
"MBL.WA","bbb"
"MBMR","aac"
"MBSB","cba"
"MBSB.C15","bbb"
"MBSB.C16","caa"
"MBSB.C17","cba"
"MBSB.C18","cba"
"MBSB.C19","bbb"
"MBSB.C20","bbb"
"MBWORLD","cba"
"MCEHLDG","bbb"
"MCLEAN","cba"
"MCLEAN.WB","bbb"
"MCT","bac"
"MEDAINC","bba"
"MEDAINC.WB","cbb"
"MEDAINC.WC","bac"
"MEDIA","abc"
"MEDIAC","bbb"
"MEGASUN","bbb"
"MEGASUN.WA","bbb"
"MELATI","bac"
"MELEWAR","abc"
"MELEWAR.WB","bab"
"MENANG","abb"
"MENANG.WB","bbb"
"MENGNIU.C2","cba"
"MENTIGA","abc"
"MERCURY","abc"
"MERGE","abc"
"MESB","bba"
"MESB.WA","bca"
"METFAPA","bcb"
"METFSID","bbb"
"METFUS50","bbb"
"METROD","bbb"
"MFCB","abb"
"MFCB.WA","abb"
"MFLOUR","abc"
"MFLOUR.LA","abc"
"MFLOUR.WC","abc"
"MGB","cba"
"MGB.WA","bbb"
"MGRC","bbb"
"MHB","abc"
"MHB.C13","bbb"
"MHC","bcb"
"MHCARE","bbb"
"MI","cba"
"MI.CB","bba"
"MI.CC","bbb"
"MI.CD","bca"
"MICROLN","bbb"
"MIECO","abc"
"MIKROMB","cba"
"MILUX","cab"
"MINDA","bbb"
"MINETEC","bba"
"MINHO","bac"
"MINHO.WC","bbc"
"MISC","cab"
"MISC.C19","bac"
"MISC.C20","bbb"
"MITRA","abc"
"MITRA.WD","abc"
"MITRA.WE","abc"
"MJPERAK","acc"
"MKH","acb"
"MKLAND","cbb"
"MLAB","abb"
"MLAB.WA","bbb"
"MLAB.WB","bbb"
"MMAG","abb"
"MMAG.PA","bbb"
"MMAG.WB","acc"
"MMCCORP","bca"
"MMSV","cba"
"MNC","bbb"
"MNC.WA","cba"
"MNRB","bbc"
"MPAY","caa"
"MPHBCAP","abb"
"MPI","bbb"
"MQREIT","cab"
"MQTECH","bbb"
"MQTECH.WA","bbc"
"MRCB","acb"
"MRCB.C34","acb"
"MRCB.C36","bca"
"MRCB.C37","bca"
"MRCB.C38","bbb"
"MRCB.C39","acb"
"MRCB.C40","cab"
"MRCB.C41","bca"
"MRCB.C42","bca"
"MRCB.WB","bbb"
"MSC","abc"
"MSM","cba"
"MSNIAGA","abb"
"MSPORTS","bbb"
"MTDACPI","abc"
"MTOUCHE","bbc"
"MTOUCHE.WB","abb"
"MTRONIC","cab"
"MUDA","cab"
"MUDAJYA","abb"
"MUH","bbb"
"MUHIBAH","cab"
"MUIIND","abb"
"MUIPROP","caa"
"MULPHA","cba"
"MYCRON","bbc"
"MYCRON.WA","bbb"
"MYEG","abc"
"MYEG.C44","abc"
"MYEG.C46","bbb"
"MYEG.C47","bbb"
"MYEG.C48","acb"
"MYEG.C50","bbc"
"MYEG.C51","bca"
"MYEG.C53","bcb"
"MYEG.C54","bbb"
"MYEG.C55","acc"
"MYEG.C56","abc"
"MYEG.C57","acc"
"MYEG.C58","acc"
"MYEG.C59","abc"
"MYEG.C60","abc"
"MYEG.C61","acc"
"MYEG.C62","bbb"
"MYEG.C63","acc"
"MYETFDJ","bbb"
"MYETFID","cab"
"MYKRIS","bbb"
"MYNEWS","abb"
"N2N","bba"
"N2N.WB","acb"
"NADIBHD","abb"
"NAIM","aac"
"NATWIDE","abc"
"NESTLE","abb"
"NESTLE.CE","bba"
"NETX","cba"
"NETX.WB","bbb"
"NEXGRAM","abb"
"NEXGRAM.WA","bbc"
"NEXGRAM.WB","bac"
"NEXGRAM.WC","bbb"
"NGGB","acc"
"NGGB.WA","cab"
"NHFATT","cbb"
"NICE","bcb"
"NICE.WB","bbb"
"NIHSIN","abc"
"NOTION","abb"
"NOTION.WC","bac"
"NOVA","bba"
"NOVAMSC","bbb"
"NPC","bbc"
"NPS","bbb"
"NSOP","bac"
"NTPM","abb"
"NWP","abc"
"NYLEX","abb"
"OCB","bbb"
"OCK","abc"
"OCK.WA","abc"
"OCNCASH","abc"
"OCR","bac"
"OCR.PA","bbb"
"OCR.WC","bac"
"OCR.WD","abc"
"OFI","acb"
"OIB","bcb"
"OKA","abb"
"OLYMPIA","bbb"
"OMESTI","abc"
"OPCOM","bac"
"OPENSYS","abb"
"ORIENT","bbb"
"ORION","aac"
"ORION.WA","bac"
"ORNA","abb"
"OSK","abb"
"OSK.WC","bbb"
"OSKVI","abb"
"OVERSEA","bbb"
"OWG","bbb"
"OWG.WA","abb"
"P.O","bbb"
"PA","bcb"
"PA.WB","bbb"
"PADINI","cba"
"PADINI.CW","bcb"
"PADINI.CX","bbb"
"PADINI.CY","cba"
"PANAMY","bbc"
"PANPAGE","cba"
"PANSAR","caa"
"PANSAR.WA","bab"
"PANTECH","bbb"
"PANTECH.WA","abb"
"PANTECH.WB","abb"
"PAOS","abc"
"PAOS.WA","abb"
"PARAGON","acb"
"PARAMON","abb"
"PARKSON","abc"
"PARLO","bbc"
"PASDEC","cab"
"PASDEC.WA","bbb"
"PASUKGB","bca"
"PAVREIT","bbc"
"PBA","abc"
"PBBANK","cab"
"PBBANK.C27","bba"
"PBBANK.C29","bbb"
"PBBANK.C30","bbb"
"PBBANK.C31","bca"
"PCCS","abc"
"PCCS.WA","abc"
"PCHEM","bbb"
"PCHEM.C24","bbb"
"PCHEM.C25","bbb"
"PCHEM.C26","bbb"
"PCHEM.C27","abb"
"PCHEM.C28","bbb"
"PCHEM.C29","bba"
"PCHEM.C30","bbb"
"PDZ","acb"
"PDZ.WB","bbb"
"PEB","abc"
"PECCA","abb"
"PELIKAN","bac"
"PENERGY","bbb"
"PENSONI","bbb"
"PENSONI.WB","cbb"
"PENTA","bbb"
"PERDANA","aac"
"PERMAJU","bac"
"PERSTIM","acb"
"PESONA","abc"
"PESONA.WC","abc"
"PESTECH","cba"
"PETDAG","cba"
"PETDAG.CW","cbb"
"PETDAG.CX","bbb"
"PETGAS","cba"
"PETGAS.CR","cab"
"PETGAS.CS","bbb"
"PETRONM","cbb"
"PGLOBE","cbb"
"PGLOBE.WA","bcb"
"PHARMA","cba"
"PHB","acb"
"PICORP","bba"
"PIE","cba"
"PINEAPP","bac"
"PINEPAC","bbb"
"PINGAN.C2","bcb"
"PINGAN.C3","bbc"
"PJBUMI","cba"
"PJBUMI.WA","bbb"
"PLABS","cab"
"PLB","cbb"
"PLENITU","abc"
"PLS","abb"
"PMBTECH","bbc"
"PMBTECH.LA","bbb"
"PMBTECH.WA","bbb"
"PMCORP","bbc"
"PMETAL","abc"
"PMETAL.C15","bbc"
"PMETAL.C17","abc"
"PMETAL.C20","bbb"
"PMETAL.C23","cbb"
"PMETAL.C24","bbb"
"PMETAL.C25","abb"
"PMETAL.WC","bab"
"PMHLDG","cba"
"PNEPCB","bbb"
"POHKONG","abc"
"POHUAT","acb"
"POHUAT.WB","acb"
"POLY","bca"
"POS","abc"
"POS.C23","cbb"
"POS.C27","bbc"
"POS.C28","cbb"
"POS.C29","bbb"
"POS.C30","cbb"
"POS.C31","abb"
"POS.C32","bbb"
"POS.C33","bbb"
"PPB","cba"
"PPB.CJ","cbb"
"PPG","bbb"
"PPHB","abc"
"PRESBHD","abc"
"PRESTAR","acb"
"PRG","cba"
"PRG.WA","bca"
"PRIVA","abb"
"PRKCORP","bcb"
"PRLEXUS","bbb"
"PRLEXUS.WA","bba"
"PRTASCO","abc"
"PRTASCO.WA","abc"
"PSIPTEK","abc"
"PSIPTEK.WA","bbc"
"PTARAS","abb"
"PTB","bbb"
"PTRANS","bab"
"PTRANS.WA","abb"
"PUC","bac"
"PUC.WA","abc"
"PUNCAK","abb"
"PWF","abc"
"PWORTH","aac"
"PWROOT","abb"
"PWROOT.WA","abb"
"QES","abc"
"QL","abc"
"QL.CL","bcb"
"QL.CM","bab"
"QL.CN","bbb"
"RALCO","caa"
"RALCO.WB","bbb"
"RANHILL","bbc"
"RAPID","abb"
"RCECAP","cca"
"REACH","aac"
"REACH.WA","cab"
"REDTONE","abc"
"REDTONE.LA","bbc"
"RESINTC","abc"
"REV","abc"
"REVENUE","bac"
"REVENUE.WA","cac"
"REX","bbb"
"REXIT","abb"
"RGB","bac"
"RGTBHD","cab"
"RGTBHD.WB","abb"
"RGTECH","bab"
"RHBBANK","bac"
"RHBBANKC11","bab"
"RHBBANKC12","bbb"
"RHBBANKC13","bbb"
"RHONEMA","bab"
"ROHAS","abc"
"RSAWIT","bca"
"RUBEREX","bac"
"RVIEW","acb"
"SAB","abc"
"SALCON","abc"
"SALCON.WB","abc"
"SALUTE","acb"
"SAM","abb"
"SAMCHEM","cba"
"SANBUMI","abc"
"SANICHI","cba"
"SANICHI.WE","bbb"
"SAPIND","bbb"
"SAPNRG","aac"
"SAPNRG.PA","cba"
"SAPNRG.WA","aac"
"SAPNRGC70","bab"
"SAPNRGC71","bbc"
"SAPNRGC72","bcb"
"SAPNRGC73","bac"
"SAPNRGC74","abc"
"SAPNRGC75","abc"
"SAPRES","bca"
"SASBADI","abc"
"SAUDEE","acb"
"SAUDEE.WA","abb"
"SBAGAN","acb"
"SBCCORP","bba"
"SCABLE","acc"
"SCBUILD","bbb"
"SCBUILD.WB","bcb"
"SCC","bba"
"SCGM","cba"
"SCGM.WA","bac"
"SCH","bbb"
"SCH.WA","abb"
"SCIB","abc"
"SCICOM","cba"
"SCIENTX","abb"
"SCIENTX.CF","bbb"
"SCNWOLF","bbc"
"SCOMI","bbc"
"SCOMI.WB","bbb"
"SCOMIES","aac"
"SCOMNET","bbb"
"SCOPE","abc"
"SCOPE.WA","abc"
"SDRED","abb"
"SEACERA","abc"
"SEACERA.WB","cab"
"SEACERA.WC","bcb"
"SEAL","abc"
"SEALINK","aac"
"SEB","bcb"
"SEDANIA","abc"
"SEEHUP","abc"
"SEG","abc"
"SEM","bbb"
"SENDAI","cba"
"SERBADK","cab"
"SERBADK.CN","bcb"
"SERBADK.CO","cbb"
"SERBADK.CQ","bbb"
"SERBADK.CR","bbb"
"SERBADK.CS","abb"
"SERNKOU","bab"
"SERNKOU.WA","acb"
"SERSOL","abc"
"SERSOL.WA","aac"
"SGB","bca"
"SGB.PA","bcb"
"SGB.WA","aca"
"SHANG","bbb"
"SHCHAN","abb"
"SHH","acb"
"SHL","abc"
"SIGGAS","abc"
"SIGN","abc"
"SIGN.WA","abc"
"SIME","bbb"
"SIME.C25","bbb"
"SIME.C27","cba"
"SIME.C30","bba"
"SIME.C31","bbb"
"SIME.C32","acb"
"SIMEPLT","cba"
"SIMEPLT.CI","bbb"
"SIMEPLT.CJ","bba"
"SIMEPROP","abc"
"SIMEPROP.CJ","cbb"
"SIMEPROP.CK","acb"
"SIMEPROP.CL","bbb"
"SINOTOP","bca"
"SJC","bbb"
"SKBSHUT","acb"
"SKPRES","bac"
"SKPRES.CO","cab"
"SKPRES.CP","bbb"
"SLP","abb"
"SMCAP","aac"
"SMCAP.WC","bbc"
"SMETRIC","acc"
"SMI","abc"
"SMISCOR","bbb"
"SMRT","bbb"
"SMTRACK","bbb"
"SNC","bbb"
"SNTORIA","bab"
"SNTORIA.WA","cbb"
"SOLID","bbb"
"SOLID.WA","bbb"
"SOLUTN","abb"
"SOLUTN.WA","aca"
"SOP","cba"
"SP500.CF","bbb"
"SP500.CG","bbb"
"SP500.HF","bca"
"SP500.HG","cca"
"SP500.HH","bca"
"SPB","abb"
"SPRITZER","bbb"
"SPSETIA","acc"
"SPSETIA.C10","bbb"
"SPSETIA.C11","cab"
"SPSETIA.C12","cbb"
"SPSETIA.C13","bca"
"SPSETIA.C14","bca"
"SPSETIA.PA","bcb"
"SPSETIA.PB","bbb"
"SRIDGE","cba"
"SRIDGE.WA","cba"
"SSTEEL","acb"
"STAR","bac"
"STERPRO","abb"
"STERPRO.WA","cbb"
"STONE","acb"
"STONE.WA","acb"
"STRAITS","bac"
"STRAITS.WA","aac"
"SUBUR","bac"
"SUCCESS","bcb"
"SUIWAH","abb"
"SUMATEC","abc"
"SUMATEC.WA","bac"
"SUNCON","abc"
"SUNCON.CV","bbc"
"SUNREIT","bbb"
"SUNSURIA","abc"
"SUNSURIA.WA","bbb"
"SUNWAY","bac"
"SUNWAY.CS","bcb"
"SUNWAY.WB","cab"
"SUNZEN","abb"
"SUNZEN.WA","bbb"
"SUNZEN.WB","bca"
"SUPERLN","bbb"
"SUPERMX","cba"
"SUPERMX.C52","cba"
"SUPERMX.C53","bba"
"SUPERMX.C54","bbc"
"SUPERMX.C55","cba"
"SUPERMX.C56","cba"
"SUPERMX.C57","bbb"
"SUPERMX.C58","bba"
"SUPERMX.C59","bbb"
"SUPERMX.C60","cba"
"SUPERMX.C62","cba"
"SUPERMX.C63","cba"
"SUPERMX.C64","bbb"
"SUPERMX.C65","bca"
"SURIA","bca"
"SWKPLNT","bbb"
"SWSCAP","bbb"
"SWSCAP.WB","bbb"
"SYCAL","acb"
"SYF","abc"
"SYF.WB","acb"
"SYMLIFE","abb"
"SYMLIFE.WB","abc"
"SYSCORP","abc"
"SYSTECH","bac"
"T7GLOBAL","bbb"
"TA","cab"
"TAANN","cba"
"TADMAX","abb"
"TAFI","bcb"
"TAGB","cba"
"TAKAFUL","abb"
"TAKAFUL.CC","bbb"
"TALAMT","abc"
"TALIWRK","abb"
"TAMBUN","aac"
"TANCO","bbb"
"TANCO.WB","bac"
"TAS","abc"
"TASCO","abc"
"TASEK","aca"
"TAWIN","abc"
"TCHONG","abb"
"TDEX","bca"
"TDM","bcb"
"TECFAST","bbb"
"TECGUAN","acb"
"TECHBND","bab"
"TEKSENG","abb"
"TEKSENG.WA","bbb"
"TENAGA","cab"
"TENAGA.C49","bcb"
"TENAGA.C50","bab"
"TENAGA.C51","cab"
"TENAGA.C53","bbb"
"TENAGA.C54","bbb"
"TENCENT.C7","abc"
"TEOSENG","cac"
"TEOSENG.WA","bab"
"TEXCHEM","bbb"
"TEXCYCL","abc"
"TFP","bbb"
"TGL","bbb"
"TGUAN","abb"
"TGUAN.LA","bbc"
"TGUAN.WA","abb"
"THETA","abb"
"THHEAVY","abc"
"THHEAVY.PB","bbc"
"THPLANT","bba"
"THRIVEN","aac"
"THRIVEN.WB","bbc"
"TIENWAH","cbb"
"TIGER","bba"
"TIGER.WC","aac"
"TIMECOM","abb"
"TIMWELL","cbb"
"TITIJYA","cbb"
"TITIJYA.PA","acb"
"TM","acb"
"TM.C27","bbb"
"TM.C28","abc"
"TM.C31","cbb"
"TM.C34","bcb"
"TM.C35","abb"
"TM.C36","bcb"
"TM.C37","bbc"
"TM.C38","bca"
"TM.C39","acb"
"TM.C40","acb"
"TMCLIFE","bbb"
"TMCLIFE.WB","bba"
"TNLOGIS","abb"
"TOCEAN","acb"
"TOMEI","bbb"
"TOMYPAK","caa"
"TOMYPAK.WA","bbb"
"TONGHER","cba"
"TOPGLOV","cba"
"TOPGLOV.C41","cba"
"TOPGLOV.C42","bbb"
"TOPGLOV.C43","cba"
"TOPGLOV.C44","bba"
"TOPGLOV.C45","cab"
"TOPGLOV.C46","bbb"
"TOPGLOV.C47","cba"
"TOPGLOV.C48","bbb"
"TOPGLOV.C49","cab"
"TOPGLOV.C50","bac"
"TOPVISN","bcb"
"TOYOINK","abb"
"TOYOINK.WB","bba"
"TPC","bbb"
"TPC.WA","bab"
"TRC","abc"
"TRIMODE","cab"
"TRIVE","bbb"
"TRIVE.WB","bbb"
"TROP","acb"
"TROP.WA","bab"
"TSH","cba"
"TSRCAP","bbb"
"TSRCAP.WB","bbb"
"TUNEPRO","abc"
"TURBO","aac"
"TURIYA","bcb"
"TWRREIT","abc"
"UCHITEC","cba"
"UCREST","abc"
"UEMS","bbb"
"UEMS.C65","bbb"
"UEMS.C66","bcb"
"ULICORP","bca"
"UMCCA","abb"
"UMS","bbb"
"UMSNGB","bbb"
"UMW","cab"
"UMW.C11","bbb"
"UMW.C12","bbb"
"UMW.C13","abb"
"UMW.C14","cab"
"UMW.C15","bbb"
"UMW.C16","bbb"
"UMW.C17","bba"
"UNIMECH","abb"
"UNISEM","abb"
"UNISEM.C12","bcb"
"UNISEM.C15","cbb"
"UNIWALL","bbb"
"UOADEV","abb"
"UOAREIT","abb"
"UPA","bba"
"UTDPLT","abb"
"UTUSAN","bba"
"UZMA","abc"
"VC","aac"
"VELESTO","abc"
"VELESTO.C25","bbb"
"VELESTO.C26","bbc"
"VELESTO.C27","abc"
"VELESTO.WA","abc"
"VERSATL","bbb"
"VERTICE","abb"
"VERTICE.WA","abb"
"VIS","cbb"
"VIS.WB","cba"
"VITROX","bca"
"VITROX.CL","bbc"
"VITROX.CM","bbb"
"VIVOCOM","bbb"
"VIVOCOM.WC","bcb"
"VIVOCOM.WD","bbb"
"VIVOCOM.WE","bbb"
"VIZIONE","abb"
"VIZIONE.LA","bbc"
"VIZIONE.WC","bbb"
"VS","cba"
"VS.C10","cba"
"VS.C11","cbb"
"VS.C12","cba"
"VS.C13","cba"
"VS.C5","bca"
"VS.C7","cbb"
"VS.C8","bab"
"VS.C9","cba"
"VSOLAR","acc"
"VSTECS","abb"
"WANGZNG","abb"
"WARISAN","bbb"
"WASEONG","cab"
"WATTA","abb"
"WCEHB","abb"
"WCT","acb"
"WCT.C15","cbb"
"WCT.C16","bbb"
"WCT.WE","abb"
"WEGMANS","bac"
"WEGMANS.WA","abb"
"WELLCAL","abb"
"WIDAD","cba"
"WIDAD.WA","cca"
"WIDETEC","bbb"
"WILLOW","abb"
"WMG","abc"
"WONG","abb"
"WOODLAN","bbb"
"WPRTS","abb"
"WPRTS.CY","bbb"
"WTHORSE","bbb"
"WTK","abc"
"WZSATU","cba"
"WZSATU.WA","bbb"
"XDL","caa"
"XDL.WD","bab"
"XIANLNG","aac"
"XIAOMI.C1","abb"
"XIAOMI.C2","bbb"
"XINGHE","abb"
"XINHWA","bba"
"XOX","bbc"
"YBS","bbb"
"YEELEE","abc"
"YGL","abc"
"YILAI","bbb"
"YINSON","abb"
"YINSON.CT","bbc"
"YKGI","aac"
"YKGI.WB","abc"
"YLI","bbb"
"YNHPROP","abb"
"YOCB","bbc"
"YONGTAI","abc"
"YONGTAI.PA","bac"
"YONGTAI.WA","abb"
"YSPSAH","cba"
"YTL","abc"
"YTL.C23","bbb"
"YTL.C24","bbc"
"YTLLAND","abb"
"YTLLAND.LA","bbb"
"YTLPOWR","bca"
"YTLPOWR.C6","bca"
"YTLREIT","bba"
"ZECON","abc"
"ZELAN","abc"
"ZHULIAN","bbb"
"X3A","abb"
"DPHARMA","abb"
"DRBHCOMC74","abc"
"ETH","bca"
"FGV.C72","abb"
"FGV.C73","acb"
"HENGYUAN.C8","acb"
"MRCB.C43","acc"
"PMETAL.C26","acc"
"SAPNRGC76","abc"
"E.O.C13","abc"
"AXIATA.C37","abb"
"BAT.CO","bcb"
"DIALOG.C44","acc"
"DRBHCOMC75","abc"
"FBMKLCI.C5W","bbc"
"GCB.CC","abc"
"GENM.C54","aac"
"HIBISCS.CW","abc"
"INARI.C37","abc"
"MAXIS.C10","abc"
"MBSB.C21","bbc"
"PCHEM.C31","abb"
"PMETAL.C27","abc"
"POS.C34","abc"
"QL.CO","abb"
"SIME.C33","acb"
"SKPRES.CQ","abc"
"SPSETIA.C16","acb"
"SUPERMX.C66","abc"
"TAKAFUL.CD","abc"
"TALIWRK.CE","abc"
"UCHITEC.CF","acb"
"YINSON.CW","aac"
"MYSCM","abc"
"SP500.CI","bbb"
"SP500.HI","bbb"
"DWL","abc"
"DWL.PA","abc"
"DWL.WA","abc"
"MERIDIAN","bbc"
"MERIDIAN.WB","bbc"
"MERIDIAN.WC","bbc"
"A50CHIN.C38","bbc"
"A50CHIN.H29","bbc"
"GCB.CD","bbc"
"GENM.C55","bbc"
"MALAKOFC22","bbc"
"MMCCORPC12","bbc"
"TM.C41","bbc"
"VS.C14","bbc"
